id,region,name,pref,prefcode
1,北海道,丸井今井 札幌本店,北海道,1
2,北海道,丸井今井 函館店,北海道,1
3,北海道,札幌三越,北海道,1
4,北海道,大丸札幌店,北海道,1
5,北海道,東急百貨店 さっぽろ店,北海道,1
6,東北,さくら野百貨店 弘前店,青森県,2
7,東北,さくら野百貨店 青森本店,青森県,2
8,東北,さくら野百貨店 八戸店,青森県,2
9,東北,パルクアベニュー・カワトク,岩手県,3
10,東北,仙台三越,宮城県,4
11,東北,藤崎,宮城県,4
12,東北,西武秋田店,秋田県,5
13,東北,うすい百貨店,福島県,7
14,関東,京成百貨店,茨城県,8
15,関東,東武宇都宮百貨店,栃木県,9
16,関東,東武宇都宮百貨店 大田原店,栃木県,9
17,関東,東武宇都宮百貨店 栃木市役所店,栃木県,9
18,関東,福田屋ショッピングプラザ宇都宮店,栃木県,9
19,関東,FKDショッピングモール宇都宮インターパーク店,栃木県,9
20,関東,福田屋鹿沼店,栃木県,9
21,関東,スズラン百貨店 高崎店,群馬県,10
22,関東,スズラン百貨店 前橋店,群馬県,10
23,関東,高崎髙島屋,群馬県,10
24,関東,伊勢丹 浦和店,埼玉県,11
25,関東,丸広百貨店 川越店,埼玉県,11
26,関東,丸広百貨店 飯能店,埼玉県,11
27,関東,八木橋百貨店,埼玉県,11
28,関東,丸広百貨店 入間店,埼玉県,11
29,関東,そごう大宮店,埼玉県,11
30,関東,西武所沢S.C.,埼玉県,11
31,関東,大宮髙島屋,埼玉県,11
32,関東,矢尾百貨店,埼玉県,11
33,関東,東武百貨店 船橋店,千葉県,12
34,関東,そごう千葉店,千葉県,12
35,関東,柏高島屋,千葉県,12
36,関東,伊勢丹 新宿店,東京都,13
37,関東,日本橋三越本店,東京都,13
38,関東,銀座三越,東京都,13
39,関東,伊勢丹 立川店,東京都,13
40,関東,松坂屋上野店,東京都,13
41,関東,大丸東京店,東京都,13
42,関東,渋谷 東急フードショー,東京都,13
43,関東,渋谷ヒカリエ ShinQs,東京都,13
44,関東,二子玉川 東急フードショー,東京都,13
45,関東,東急百貨店 吉祥寺店,東京都,13
46,関東,京王百貨店 新宿店,東京都,13
47,関東,小田急百貨店 新宿店,東京都,13
48,関東,グランデュオ蒲田,東京都,13
49,関東,東武百貨店 池袋店,東京都,13
50,関東,松屋銀座,東京都,13
51,関東,松屋浅草,東京都,13
52,関東,グランデュオ立川,東京都,13
53,関東,小田急百貨店 町田店,東京都,13
54,関東,京王百貨店 聖蹟桜ヶ丘店,東京都,13
55,関東,西武池袋本店,東京都,13
56,関東,西武渋谷店,東京都,13
57,関東,日本橋髙島屋S.C.,東京都,13
58,関東,新宿髙島屋,東京都,13
59,関東,玉川髙島屋S.C.,東京都,13
60,関東,阪急メンズ東京,東京都,13
61,関東,東急百貨店 たまプラーザ店,神奈川県,14
62,関東,日吉東急アベニュー,神奈川県,14
63,関東,京急百貨店,神奈川県,14
64,関東,さいか屋 横須賀店,神奈川県,14
65,関東,小田急百貨店 ふじさわ,神奈川県,14
66,関東,さいか屋 藤沢店,神奈川県,14
67,関東,西武東戸塚S.C.,神奈川県,14
68,関東,そごう横浜店,神奈川県,14
69,関東,横浜髙島屋,神奈川県,14
70,関東,都筑阪急,神奈川県,14
71,中部,新潟伊勢丹,新潟県,15
72,中部,大和 富山店,富山県,16
73,中部,金沢エムザ,石川県,17
74,中部,大和 香林坊店,石川県,17
75,中部,西武福井店,福井県,18
76,中部,岡島,山梨県,19
77,中部,ながの東急百貨店,長野県,20
78,中部,アイシティ21,長野県,20
79,中部,静岡伊勢丹,静岡県,22
80,中部,松坂屋静岡店,静岡県,22
81,中部,遠鉄百貨店,静岡県,22
82,中部,名古屋栄三越,愛知県,23
83,中部,星ヶ丘三越,愛知県,23
84,中部,松坂屋 名古屋店,愛知県,23
85,中部,ジェイア一ル名古屋タカシマヤ,愛知県,23
86,中部,松菱百貨店,三重県,24
87,中部,近鉄百貨店 四日市店,三重県,24
88,近畿,近鉄百貨店 草津店,滋賀県,25
89,近畿,ジェイアール京都伊勢丹,京都府,26
90,近畿,大丸京都店,京都府,26
91,近畿,藤井大丸,京都府,26
92,近畿,京都髙島屋S.C.,京都府,26
93,近畿,髙島屋 洛西店,京都府,26
94,近畿,大丸 心斎橋店,大阪府,27
95,近畿,大丸 梅田店,大阪府,27
96,近畿,松坂屋 高槻店,大阪府,27
97,近畿,京阪百貨店 モール京橋店,大阪府,27
98,近畿,京阪百貨店 くずはモール店,大阪府,27
99,近畿,京阪百貨店 ひらかた店,大阪府,27
100,近畿,京阪百貨店 守口店,大阪府,27
101,近畿,京阪百貨店 すみのどう店,大阪府,27
102,近畿,あべのハルカス近鉄本店,大阪府,27
103,近畿,近鉄百貨店 上本町店,大阪府,27
104,近畿,近鉄百貨店 東大阪店,大阪府,27
105,近畿,大阪髙島屋,大阪府,27
106,近畿,高島屋 泉北店,大阪府,27
107,近畿,阪急うめだ本店,大阪府,27
108,近畿,阪神梅田本店,大阪府,27
109,近畿,高槻阪急スクエア,大阪府,27
110,近畿,千里阪急,大阪府,27
111,近畿,大丸 神戸店,兵庫県,28
112,近畿,大丸須磨店,兵庫県,28
113,近畿,大丸 芦屋店,兵庫県,28
114,近畿,山陽百貨店 本店,兵庫県,28
115,近畿,加古川ヤマトヤシキ,兵庫県,28
116,近畿,阪急神戸店,兵庫県,28
117,近畿,阪神・御影,兵庫県,28
118,近畿,川西阪急スクエア,兵庫県,28
119,近畿,宝塚阪急,兵庫県,28
120,近畿,阪神・にしのみや,兵庫県,28
121,近畿,西宮阪急,兵庫県,28
122,近畿,あまがさき阪神,兵庫県,28
123,近畿,近鉄百貨店 奈良店,奈良県,29
124,近畿,近鉄百貨店 橿原店,奈良県,29
125,近畿,近鉄百貨店 生駒店,奈良県,29
126,近畿,近鉄百貨店 和歌山店,和歌山県,30
127,中国,丸由百貨店,鳥取県,31
128,中国,米子しんまち天満屋,鳥取県,31
129,中国,JU米子髙島屋,鳥取県,31
130,中国,天満屋 岡山本店,岡山県,33
131,中国,倉敷天満屋,岡山県,33
132,中国,天満屋 津山店,岡山県,33
133,中国,岡山髙島屋,岡山県,33
134,中国,広島三越,広島県,34
135,中国,福屋八丁堀本店,広島県,34
136,中国,五日市福屋,広島県,34
137,中国,福屋広島駅前店,広島県,34
138,中国,天満屋 福山店,広島県,34
139,中国,天満屋 ポートプラザ店,広島県,34
140,中国,そごう広島店,広島県,34
141,中国,大丸下関店,山口県,35
142,中国,山口井筒屋 山口店,山口県,35
143,四国,高松三越,香川県,37
144,四国,松山三越,愛媛県,38
145,四国,いよてつ髙島屋,愛媛県,38
146,四国,高知大丸,高知県,39
147,九州,岩田屋 本店,福岡県,40
148,九州,福岡三越,福岡県,40
149,九州,岩田屋 久留米店,福岡県,40
150,九州,大丸福岡天神店,福岡県,40
151,九州,小倉井筒屋,福岡県,40
152,九州,博多阪急,福岡県,40
153,九州,佐賀玉屋,佐賀県,41
154,九州,浜屋百貨店,長崎県,42
155,九州,佐世保玉屋,長崎県,42
156,九州,鶴屋百貨店,熊本県,43
157,九州,トキハ わさだタウン,大分県,44
158,九州,トキハ 本店,大分県,44
159,九州,トキハ 別府店,大分県,44
160,九州,宮崎山形屋,宮崎県,45
161,九州,宮崎山形屋 ギフトショップ 日南,宮崎県,45
162,九州,山形屋,鹿児島県,46
163,九州,きりしま国分山形屋,鹿児島県,46
164,九州,川内山形屋,鹿児島県,46
165,九州,デパートリウボウ,沖縄県,47
